Symbol,AnnualDividendsPerShare,DividendYield,PayoutRatio,RetentionRatio,DividendCount,Sector_1,Sector_2,Sector_3,Sector_4,Sector_5,Sector_6,Sector_7,Sector_8,Sector_9,Sector_10,Sector_11,Sector_12
AAME,0.02,1.0,15.46,0.8453999999999999,1.0,0,0,0,0,1,0,0,0,0,0,0,0
AAON,0.32,0.44,35.37,0.6463000000000001,4.0,0,0,0,0,0,0,1,0,0,0,0,0
AAPL,0.96,0.49,31.81,0.6819,4.0,0,0,0,0,0,0,0,0,0,1,0,0
ABCB,0.6,1.16,12.56,0.8744,4.0,0,0,0,0,1,0,0,0,0,0,0,0
ACGLN,1.1375,5.7,18.302007434944237,0.8169799256505577,4.0,0,0,0,0,1,0,0,0,0,0,0,0
ACGLO,1.3625,5.84,18.302007434944237,0.8169799256505577,4.0,0,0,0,0,1,0,0,0,0,0,0,0
ACNB,1.2,2.63,10.27,0.8973,4.0,0,0,0,0,1,0,0,0,0,0,0,0
ACT,0.64,2.19,7.26,0.9274,4.0,0,0,0,0,1,0,0,0,0,0,0,0
ADEA,0.2,1.7,10.43,0.8956999999999999,4.0,0,0,0,0,0,0,0,0,0,1,0,0
ADI,3.44,1.75,30.01,0.6999,4.0,0,0,0,0,0,0,0,0,0,1,0,0
ADTN,0.36,5.09,60.52857142857143,0.3947142857142857,3.0,0,0,0,0,0,0,0,0,0,0,1,0
AEIS,0.4,0.36,30.91,0.6909000000000001,4.0,0,0,0,0,0,0,0,0,0,1,0,0
AEP,3.52,4.4,18.36,0.8164,4.0,0,0,0,0,0,0,0,0,0,0,0,1
AFCG,1.92,14.86,8.02,0.9198,4.0,0,0,0,0,0,0,0,0,1,0,0,0
AGNC,1.44,14.52,26.81,0.7319,12.0,0,0,0,0,0,0,0,0,1,0,0,0
AGNCL,1.9375,8.81,28.302142857142858,0.7169785714285715,4.0,0,0,0,0,0,0,0,0,1,0,0,0
AGNCM,1.7188,7.19,28.302142857142858,0.7169785714285715,4.0,0,0,0,0,0,0,0,0,1,0,0,0
AGNCN,2.73,10.7,28.302142857142858,0.7169785714285715,4.0,0,0,0,0,0,0,0,0,1,0,0,0
AGNCO,1.625,6.88,28.302142857142858,0.7169785714285715,4.0,0,0,0,0,0,0,0,0,1,0,0,0
AGNCP,1.5313,6.9,28.302142857142858,0.7169785714285715,4.0,0,0,0,0,0,0,0,0,1,0,0,0
AIRTP,2.0,11.76,49.75244680851063,0.5024755319148937,4.0,0,1,0,0,0,0,0,0,0,0,0,0
ALGT,2.4,2.85,9.05,0.9095,2.0,0,1,0,0,0,0,0,0,0,0,0,0
ALNT,0.12,0.39,21.02,0.7898000000000001,4.0,0,0,0,0,0,0,1,0,0,0,0,0
ALRS,0.76,3.39,12.23,0.8777,4.0,0,0,0,0,1,0,0,0,0,0,0,0
AMAL,0.4,1.5,9.13,0.9087,4.0,0,0,0,0,1,0,0,0,0,0,0,0
AMAT,1.28,0.79,19.9,0.801,4.0,0,0,0,0,0,0,0,0,0,1,0,0
AMGN,8.52,3.05,19.85,0.8015,4.0,0,0,0,0,0,1,0,0,0,0,0,0
AMKR,0.315,0.95,20.19,0.7981,4.0,0,0,0,0,0,0,0,0,0,1,0,0
AMNB,1.2,2.48,17.07,0.8293,4.0,0,0,0,0,1,0,0,0,0,0,0,0
AMRK,0.8,2.59,5.83,0.9417,5.0,0,0,0,0,0,0,1,0,0,0,0,0
AMSF,1.36,2.92,14.08,0.8592,4.0,0,0,0,0,1,0,0,0,0,0,0,0
AMSWA,0.44,4.05,32.91,0.6709,4.0,0,0,0,0,0,0,0,0,0,1,0,0
ANDE,0.74,1.33,32.64,0.6736,4.0,0,0,0,0,0,0,1,0,0,0,0,0
APA,1.0,2.78,7.36,0.9264,4.0,0,0,0,1,0,0,0,0,0,0,0,0
APOG,0.96,1.8,11.33,0.8867,4.0,0,1,0,0,0,0,0,0,0,0,0,0
ARBKL,2.1872,19.36,30.765510204081632,0.6923448979591837,4.0,0,0,0,0,0,0,0,0,0,1,0,0
ARCB,0.48,0.4,16.11,0.8389,4.0,0,0,0,0,0,0,1,0,0,0,0,0
ARCC,1.92,9.79,8.49,0.9151,4.0,0,0,0,0,1,0,0,0,0,0,0,0
ARKO,0.12,1.48,23.82,0.7618,4.0,0,0,0,1,0,0,0,0,0,0,0,0
ARKR,0.75,5.3,49.75244680851063,0.5024755319148937,4.0,0,1,0,0,0,0,0,0,0,0,0,0
ARLP,2.8,14.22,3.54,0.9646,4.0,0,0,0,1,0,0,0,0,0,0,0,0
AROW,1.08,3.84,13.92,0.8608,4.0,0,0,0,0,1,0,0,0,0,0,0,0
ARTNA,1.1588,2.72,27.29,0.7271000000000001,4.0,0,0,0,0,0,0,0,0,0,0,0,1
ASML,6.1347,0.81,36.65,0.6335,4.0,0,0,0,0,0,0,0,0,0,1,0,0
ASRV,0.12,3.97,16.77,0.8323,4.0,0,0,0,0,1,0,0,0,0,0,0,0
ASTE,0.52,1.39,48.05,0.5195000000000001,4.0,0,0,0,0,0,0,1,0,0,0,0,0
ASTL,0.2,2.05,48.7,0.5129999999999999,4.0,0,0,0,0,0,0,1,0,0,0,0,0
ATCOL,1.7813,7.36,14.73,0.8527,4.0,1,0,0,0,0,0,0,0,0,0,0,0
ATLCL,1.5313,6.71,18.302007434944237,0.8169799256505577,4.0,0,0,0,0,1,0,0,0,0,0,0,0
ATLCP,1.9063,8.22,18.302007434944237,0.8169799256505577,4.0,0,0,0,0,1,0,0,0,0,0,0,0
ATLO,1.08,4.98,14.86,0.8514,4.0,0,0,0,0,1,0,0,0,0,0,0,0
ATNI,0.84,2.29,60.52857142857143,0.3947142857142857,4.0,0,0,0,0,0,0,0,0,0,0,1,0
ATRI,8.8,2.54,28.63,0.7137,4.0,0,0,0,0,0,1,0,0,0,0,0,0
AUBN,1.08,5.33,7.21,0.9279,4.0,0,0,0,0,1,0,0,0,0,0,0,0
AUDC,0.36,2.96,31.23,0.6877,2.0,0,0,0,0,0,0,0,0,0,0,0,1
AUVIP,2.625,94.43,49.75244680851063,0.5024755319148937,6.0,0,1,0,0,0,0,0,0,0,0,0,0
AVGO,21.0,1.86,34.22,0.6577999999999999,4.0,0,0,0,0,0,0,0,0,0,1,0,0
AVT,1.24,2.49,5.79,0.9421,4.0,0,0,0,0,0,0,0,0,0,1,0,0
AY,1.78,8.27,50.07,0.49929999999999997,4.0,0,0,0,0,0,0,0,0,0,0,0,1
BAFN,0.32,2.53,11.5,0.885,4.0,0,0,0,0,1,0,0,0,0,0,0,0
BANF,1.72,1.77,14.73,0.8527,4.0,0,0,0,0,1,0,0,0,0,0,0,0
BANFP,1.8,7.03,18.302007434944237,0.8169799256505577,4.0,0,0,0,0,1,0,0,0,0,0,0,0
BANR,1.92,3.57,9.49,0.9051,4.0,0,0,0,0,1,0,0,0,0,0,0,0
BANX,1.8,9.96,34.11,0.6589,5.0,0,0,0,0,1,0,0,0,0,0,0,0
BBSI,1.2,1.04,16.67,0.8332999999999999,4.0,0,1,0,0,0,0,0,0,0,0,0,0
BCBP,0.64,4.93,6.36,0.9364,4.0,0,0,0,0,1,0,0,0,0,0,0,0
BCPC,0.71,0.49,45.58,0.5442,1.0,0,0,0,0,0,0,1,0,0,0,0,0
BFC,1.2,1.36,16.62,0.8338,4.0,0,0,0,0,1,0,0,0,0,0,0,0
BFIN,0.4,3.81,12.34,0.8766,4.0,0,0,0,0,1,0,0,0,0,0,0,0
BFST,0.56,2.31,8.96,0.9104,4.0,0,0,0,0,1,0,0,0,0,0,0,0
BGC,0.04,0.6,167.0,-0.6699999999999999,4.0,0,0,0,0,1,0,0,0,0,0,0,0
BGFV,0.5,7.59,41.19,0.5881000000000001,4.0,0,1,0,0,0,0,0,0,0,0,0,0
BHFAL,1.5625,7.22,18.302007434944237,0.8169799256505577,4.0,0,0,0,0,1,0,0,0,0,0,0,0
BHFAM,1.1563,7.49,18.302007434944237,0.8169799256505577,4.0,0,0,0,0,1,0,0,0,0,0,0,0
BHFAN,1.3438,7.33,18.302007434944237,0.8169799256505577,4.0,0,0,0,0,1,0,0,0,0,0,0,0
BHFAO,1.6875,7.62,18.302007434944237,0.8169799256505577,4.0,0,0,0,0,1,0,0,0,0,0,0,0
BHFAP,1.65,7.77,18.302007434944237,0.8169799256505577,4.0,0,0,0,0,1,0,0,0,0,0,0,0
BHRB,2.12,3.41,18.302007434944237,0.8169799256505577,3.0,0,0,0,0,1,0,0,0,0,0,0,0
BKR,0.8,2.35,20.51,0.7948999999999999,4.0,0,0,0,0,0,0,1,0,0,0,0,0
BLMN,0.96,3.58,9.96,0.9004,4.0,0,1,0,0,0,0,0,0,0,0,0,0
BMRC,1.0,4.53,10.99,0.8901,4.0,0,0,0,0,1,0,0,0,0,0,0,0
BOKF,2.2,2.61,9.12,0.9088,4.0,0,0,0,0,1,0,0,0,0,0,0,0
BOTJ,0.32,2.62,6.54,0.9346,4.0,0,0,0,0,1,0,0,0,0,0,0,0
BPRN,1.2,3.25,8.51,0.9149,4.0,0,0,0,0,1,0,0,0,0,0,0,0
BPYPM,1.5625,12.29,18.302007434944237,0.8169799256505577,4.0,0,0,0,0,1,0,0,0,0,0,0,0
BPYPN,1.4375,12.14,18.302007434944237,0.8169799256505577,4.0,0,0,0,0,1,0,0,0,0,0,0,0
BPYPO,1.5938,12.43,18.302007434944237,0.8169799256505577,4.0,0,0,0,0,1,0,0,0,0,0,0,0
BPYPP,1.625,12.21,18.302007434944237,0.8169799256505577,4.0,0,0,0,0,1,0,0,0,0,0,0,0
BRKL,0.54,4.97,10.97,0.8903,4.0,0,0,0,0,1,0,0,0,0,0,0,0
BRKR,0.2,0.27,34.08,0.6592,4.0,0,0,0,0,0,0,1,0,0,0,0,0
BRY,0.84,11.95,12.78,0.8722,4.0,0,0,0,1,0,0,0,0,0,0,0,0
BSET,0.72,4.45,24.89,0.7511,4.0,0,1,0,0,0,0,0,0,0,0,0,0
BSRR,0.92,4.1,9.34,0.9066,4.0,0,0,0,0,1,0,0,0,0,0,0,0
BSY,0.2,0.39,96.91,0.03090000000000004,4.0,0,0,0,0,0,0,0,0,0,1,0,0
BUSE,0.96,3.84,10.78,0.8922,4.0,0,0,0,0,1,0,0,0,0,0,0,0
BWBBP,1.4688,8.27,18.302007434944237,0.8169799256505577,4.0,0,0,0,0,1,0,0,0,0,0,0,0
BWFG,0.8,2.65,6.51,0.9349000000000001,4.0,0,0,0,0,1,0,0,0,0,0,0,0
BWMX,1.1884,8.51,10.99,0.8901,4.0,0,1,0,0,0,0,0,0,0,0,0,0
CAC,1.68,4.38,11.16,0.8884,4.0,0,0,0,0,1,0,0,0,0,0,0,0
CAKE,1.08,3.04,20.52,0.7948,4.0,0,1,0,0,0,0,0,0,0,0,0,0
CALM,3.02,5.39,4.32,0.9568,4.0,0,0,1,0,0,0,0,0,0,0,0,0
CASS,1.2,2.65,20.24,0.7976,4.0,0,1,0,0,0,0,0,0,0,0,0,0
CASY,1.72,0.63,21.21,0.7879,4.0,0,0,0,0,0,0,0,1,0,0,0,0
CATC,2.68,3.78,14.91,0.8509,4.0,0,0,0,0,1,0,0,0,0,0,0,0
CATY,1.36,3.07,8.77,0.9123,4.0,0,0,0,0,1,0,0,0,0,0,0,0
CBAN,0.44,3.36,10.65,0.8935,4.0,0,0,0,0,1,0,0,0,0,0,0,0
CBFV,1.0,4.2,8.95,0.9105,4.0,0,0,0,0,1,0,0,0,0,0,0,0
CBNK,0.32,1.32,9.65,0.9035,4.0,0,0,0,0,1,0,0,0,0,0,0,0
CBRL,5.2,6.53,20.26,0.7974,4.0,0,1,0,0,0,0,0,0,0,0,0,0
CCAP,1.64,9.33,11.42,0.8858,6.0,0,0,0,0,1,0,0,0,0,0,0,0
CCBG,0.8,2.61,9.59,0.9041,4.0,0,0,0,0,1,0,0,0,0,0,0,0
CCD,2.34,11.81,18.302007434944237,0.8169799256505577,12.0,0,0,0,0,1,0,0,0,0,0,0,0
CCEP,2.46,3.77,19.90727272727273,0.8009272727272727,2.0,0,0,1,0,0,0,0,0,0,0,0,0
CCLP,0.04,2.42,13.215,0.86785,4.0,0,0,0,1,0,0,0,0,0,0,0,0
CCNE,0.7,3.09,8.59,0.9141,4.0,0,0,0,0,1,0,0,0,0,0,0,0
CCNEP,1.7813,8.2,18.302007434944237,0.8169799256505577,4.0,0,0,0,0,1,0,0,0,0,0,0,0
CCOI,3.82,5.15,3.28,0.9672000000000001,4.0,0,1,0,0,0,0,0,0,0,0,0,0
CDW,2.48,1.1,28.1,0.719,4.0,0,1,0,0,0,0,0,0,0,0,0,0
CDZIP,2.2,15.22,24.525,0.75475,4.0,0,0,0,0,0,0,0,0,0,0,0,1
CEG,1.128,0.95,22.71,0.7729,4.0,0,0,0,0,0,0,0,0,0,0,0,1
CFBK,0.24,1.25,7.15,0.9285,4.0,0,0,0,0,1,0,0,0,0,0,0,0
CFFN,0.34,5.14,18.302007434944237,0.8169799256505577,4.0,0,0,0,0,1,0,0,0,0,0,0,0
CG,1.4,3.42,70.53,0.29469999999999996,4.0,0,0,0,0,1,0,0,0,0,0,0,0
CGABL,1.1563,5.76,18.302007434944237,0.8169799256505577,4.0,0,0,0,0,1,0,0,0,0,0,0,0
CGBD,1.76,11.36,11.47,0.8853,4.0,0,0,0,0,1,0,0,0,0,0,0,0
CGNX,0.3,0.72,46.09,0.5390999999999999,4.0,0,0,0,0,0,0,1,0,0,0,0,0
CGO,0.96,10.46,18.302007434944237,0.8169799256505577,12.0,0,0,0,0,1,0,0,0,0,0,0,0
CHCO,2.86,2.56,14.29,0.8571,4.0,0,0,0,0,1,0,0,0,0,0,0,0
CHI,1.14,11.01,18.302007434944237,0.8169799256505577,12.0,0,0,0,0,1,0,0,0,0,0,0,0
CHK,2.3,2.97,2.1,0.979,4.0,0,0,0,1,0,0,0,0,0,0,0,0
CHRD,5.44,3.25,6.63,0.9337,4.0,0,0,0,1,0,0,0,0,0,0,0,0
CHSCL,1.875,7.39,27.281764705882352,0.7271823529411765,4.0,0,0,0,0,0,0,1,0,0,0,0,0
CHSCM,1.6875,6.81,27.281764705882352,0.7271823529411765,4.0,0,0,0,0,0,0,1,0,0,0,0,0
CHSCN,1.775,7.09,27.281764705882352,0.7271823529411765,4.0,0,0,0,0,0,0,1,0,0,0,0,0
CHSCO,1.9688,7.64,27.281764705882352,0.7271823529411765,4.0,0,0,0,0,0,0,1,0,0,0,0,0
CHSCP,2.0,6.54,27.281764705882352,0.7271823529411765,4.0,0,0,0,0,0,0,1,0,0,0,0,0
CHW,0.6,10.31,18.302007434944237,0.8169799256505577,12.0,0,0,0,0,1,0,0,0,0,0,0,0
CHX,0.34,1.12,20.05,0.7995,4.0,0,0,0,0,0,0,1,0,0,0,0,0
CHY,1.2,10.46,18.302007434944237,0.8169799256505577,12.0,0,0,0,0,1,0,0,0,0,0,0,0
CIVB,0.64,3.46,6.39,0.9361,4.0,0,0,0,0,1,0,0,0,0,0,0,0
CLAR,0.1,1.55,49.75244680851063,0.5024755319148937,4.0,0,1,0,0,0,0,0,0,0,0,0,0
CLMB,0.68,1.18,21.9,0.781,4.0,0,0,0,0,0,0,0,0,0,1,0,0
CMCO,0.28,0.72,22.01,0.7799,4.0,0,0,0,0,0,0,1,0,0,0,0,0
CMCSA,1.16,2.64,12.19,0.8781,4.0,0,0,0,0,0,0,0,0,0,0,1,0
CMCT,0.34,9.07,28.302142857142858,0.7169785714285715,4.0,0,0,0,0,0,0,0,0,1,0,0,0
CME,4.4,2.06,25.51,0.7449,5.0,0,0,0,0,1,0,0,0,0,0,0,0
CMTL,0.4,5.14,30.765510204081632,0.6923448979591837,1.0,0,0,0,0,0,0,0,0,0,1,0,0
CNOB,0.68,2.96,9.57,0.9043,4.0,0,0,0,0,1,0,0,0,0,0,0,0
CNOBP,1.3125,7.29,18.302007434944237,0.8169799256505577,4.0,0,0,0,0,1,0,0,0,0,0,0,0
CNXC,1.21,1.23,14.71,0.8529,4.0,0,0,0,0,0,0,0,0,0,1,0,0
CNXN,0.32,0.47,22.98,0.7702,4.0,0,1,0,0,0,0,0,0,0,0,0,0
COFS,1.08,3.5,10.24,0.8976,4.0,0,0,0,0,1,0,0,0,0,0,0,0
COKE,2.0,0.22,18.55,0.8145,4.0,0,0,1,0,0,0,0,0,0,0,0,0
COLB,1.44,5.41,12.79,0.8721,4.0,0,0,0,0,1,0,0,0,0,0,0,0
COLM,1.2,1.46,17.82,0.8218,4.0,0,1,0,0,0,0,0,0,0,0,0,0
COO,0.06,0.02,62.35,0.37649999999999995,2.0,0,0,0,0,0,1,0,0,0,0,0,0
COST,4.08,0.61,45.34,0.5466,4.0,0,1,0,0,0,0,0,0,0,0,0,0
CPHC,0.28,1.43,9.39,0.9061,4.0,0,1,0,0,0,0,0,0,0,0,0,0
CPLP,0.6,4.36,5.06,0.9494,4.0,0,1,0,0,0,0,0,0,0,0,0,0
CPZ,1.68,11.43,18.302007434944237,0.8169799256505577,12.0,0,0,0,0,1,0,0,0,0,0,0,0
CRAI,1.68,1.68,20.15,0.7985,4.0,0,1,0,0,0,0,0,0,0,0,0,0
CSCO,1.56,3.14,15.02,0.8498,4.0,0,0,0,0,0,0,0,0,0,0,1,0
CSGS,1.12,2.09,22.24,0.7776000000000001,4.0,0,0,0,0,0,0,0,0,0,1,0,0
CSQ,1.23,8.27,18.302007434944237,0.8169799256505577,12.0,0,0,0,0,1,0,0,0,0,0,0,0
CSSEN,2.375,15.8,49.75244680851063,0.5024755319148937,4.0,0,1,0,0,0,0,0,0,0,0,0,0
CSSEP,2.4372,62.98,49.75244680851063,0.5024755319148937,12.0,0,1,0,0,0,0,0,0,0,0,0,0
CSTR,0.44,2.36,11.87,0.8813,4.0,0,0,0,0,1,0,0,0,0,0,0,0
CSWC,2.52,10.82,12.45,0.8755,4.0,0,0,0,0,1,0,0,0,0,0,0,0
CSWCZ,1.0118,3.98,18.302007434944237,0.8169799256505577,2.0,0,0,0,0,1,0,0,0,0,0,0,0
CSWI,0.76,0.37,30.58,0.6942,4.0,0,0,0,0,0,0,1,0,0,0,0,0
CSX,0.44,1.28,18.33,0.8167,4.0,0,0,0,0,0,0,1,0,0,0,0,0
CTAS,5.4,0.92,42.81,0.5719,4.0,0,1,0,0,0,0,0,0,0,0,0,0
CTSH,1.16,1.56,18.04,0.8196,4.0,0,0,0,0,0,0,0,0,0,1,0,0
CUBA,0.6945,24.8,18.302007434944237,0.8169799256505577,2.0,0,0,0,0,1,0,0,0,0,0,0,0
CULL,0.12,1.11,18.302007434944237,0.8169799256505577,1.0,0,0,0,0,1,0,0,0,0,0,0,0
CVBF,0.8,3.91,11.96,0.8804,4.0,0,0,0,0,1,0,0,0,0,0,0,0
CVCY,0.48,2.17,9.56,0.9044,4.0,0,0,0,0,1,0,0,0,0,0,0,0
CVGW,0.4,1.41,49.75244680851063,0.5024755319148937,3.0,0,1,0,0,0,0,0,0,0,0,0,0
CVLG,0.44,0.98,11.51,0.8849,4.0,0,0,0,0,0,0,1,0,0,0,0,0
CVLY,0.68,2.69,8.85,0.9115,4.0,0,0,0,0,1,0,0,0,0,0,0,0
CWBC,0.32,1.82,15.39,0.8461,4.0,0,0,0,0,1,0,0,0,0,0,0,0
CWCO,0.38,1.09,24.525,0.75475,4.0,0,0,0,0,0,0,0,0,0,0,0,1
CXDO,0.02,0.49,60.52857142857143,0.3947142857142857,1.0,0,0,0,0,0,0,0,0,0,0,1,0
CYCCP,0.6,3.7,31.290625,0.6870937500000001,4.0,0,0,0,0,0,1,0,0,0,0,0,0
CZFS,1.96,3.05,15.01,0.8499,3.0,0,0,0,0,1,0,0,0,0,0,0,0
CZNC,1.12,4.94,12.67,0.8733,4.0,0,0,0,0,1,0,0,0,0,0,0,0
CZWI,0.29,2.52,8.52,0.9148000000000001,1.0,0,0,0,0,1,0,0,0,0,0,0,0
DALN,0.64,15.09,49.75244680851063,0.5024755319148937,4.0,0,1,0,0,0,0,0,0,0,0,0,0
DCOM,1.0,3.79,9.07,0.9093,4.0,0,0,0,0,1,0,0,0,0,0,0,0
DCOMP,1.375,7.68,18.302007434944237,0.8169799256505577,4.0,0,0,0,0,1,0,0,0,0,0,0,0
DGICA,0.68,4.89,44.84,0.5516,4.0,0,0,0,0,1,0,0,0,0,0,0,0
DGICB,0.61,4.07,55.52,0.4448,4.0,0,0,0,0,1,0,0,0,0,0,0,0
DHC,0.04,1.12,28.302142857142858,0.7169785714285715,4.0,0,0,0,0,0,0,0,0,1,0,0,0
DHCNI,1.4063,9.38,28.302142857142858,0.7169785714285715,4.0,0,0,0,0,0,0,0,0,1,0,0,0
DHCNL,1.5625,10.19,28.302142857142858,0.7169785714285715,4.0,0,0,0,0,0,0,0,0,1,0,0,0
DHIL,6.0,3.6,11.48,0.8852,4.0,0,0,0,0,1,0,0,0,0,0,0,0
DMLP,3.3805,10.66,11.97,0.8803,4.0,0,0,0,1,0,0,0,0,0,0,0,0
DNUT,0.14,0.93,19.90727272727273,0.8009272727272727,4.0,0,0,1,0,0,0,0,0,0,0,0,0
DOX,1.74,1.98,19.58,0.8042,4.0,0,0,0,0,0,0,0,0,0,1,0,0
DSWL,0.2,7.87,27.281764705882352,0.7271823529411765,2.0,0,0,0,0,0,0,1,0,0,0,0,0
EA,0.76,0.55,37.98,0.6202000000000001,4.0,0,0,0,0,0,0,0,0,0,1,0,0
EBAY,1.0,2.29,8.64,0.9136,4.0,0,1,0,0,0,0,0,0,0,0,0,0
EBC,0.44,3.02,18.302007434944237,0.8169799256505577,4.0,0,0,0,0,1,0,0,0,0,0,0,0
EBMT,0.56,3.77,9.97,0.9003,4.0,0,0,0,0,1,0,0,0,0,0,0,0
EBTC,0.92,2.78,9.54,0.9046000000000001,4.0,0,0,0,0,1,0,0,0,0,0,0,0
EFSC,1.0,2.25,8.08,0.9192,4.0,0,0,0,0,1,0,0,0,0,0,0,0
EGBN,1.8,5.9,7.72,0.9228000000000001,4.0,0,0,0,0,1,0,0,0,0,0,0,0
EMBC,0.6,3.21,15.43,0.8457,5.0,0,0,0,0,0,1,0,0,0,0,0,0
EML,0.44,2.1,24.94,0.7505999999999999,4.0,0,1,0,0,0,0,0,0,0,0,0,0
ENSG,0.23,0.2,25.89,0.7411,4.0,0,0,0,0,0,1,0,0,0,0,0,0
ENTG,0.4,0.33,90.63,0.0937,4.0,0,0,0,0,0,0,1,0,0,0,0,0
EPSN,0.25,4.87,8.55,0.9145,4.0,0,0,0,1,0,0,0,0,0,0,0,0
EQIX,17.04,2.13,86.19,0.1381,4.0,0,0,0,0,0,0,0,0,1,0,0,0
ERIC,0.2445,3.97,30.765510204081632,0.6923448979591837,2.0,0,0,0,0,0,0,0,0,0,1,0,0
ERIE,4.76,1.44,43.03,0.5697,4.0,0,0,0,0,1,0,0,0,0,0,0,0
ESCA,0.6,2.85,30.06,0.6994,3.0,0,1,0,0,0,0,0,0,0,0,0,0
ESEA,2.0,6.17,2.06,0.9794,4.0,0,1,0,0,0,0,0,0,0,0,0,0
ESGRO,1.75,7.21,18.302007434944237,0.8169799256505577,4.0,0,0,0,0,1,0,0,0,0,0,0,0
ESGRP,1.75,6.97,18.302007434944237,0.8169799256505577,4.0,0,0,0,0,1,0,0,0,0,0,0,0
ESQ,0.5,1.02,10.15,0.8985,4.0,0,0,0,0,1,0,0,0,0,0,0,0
ESSA,0.6,3.02,10.47,0.8953,4.0,0,0,0,0,1,0,0,0,0,0,0,0
EVRG,2.57,5.03,17.25,0.8275,4.0,0,0,0,0,0,0,0,0,0,0,0,1
EWBC,1.92,2.69,8.06,0.9194,4.0,0,0,0,0,1,0,0,0,0,0,0,0
EXC,1.44,4.11,16.39,0.8361,4.0,0,0,0,0,0,0,0,0,0,0,0,1
EXPI,0.2,1.31,507.67,-4.0767,4.0,0,0,0,0,1,0,0,0,0,0,0,0
EXPO,1.04,1.2,43.7,0.563,4.0,0,1,0,0,0,0,0,0,0,0,0,0
FANG,13.48,8.63,8.87,0.9113,4.0,0,0,0,1,0,0,0,0,0,0,0,0
FAST,1.4,2.15,32.71,0.6729,5.0,0,1,0,0,0,0,0,0,0,0,0,0
FAT,0.56,8.95,49.75244680851063,0.5024755319148937,4.0,0,1,0,0,0,0,0,0,0,0,0,0
FATBB,0.56,10.37,49.75244680851063,0.5024755319148937,4.0,0,1,0,0,0,0,0,0,0,0,0,0
FATBP,2.0625,13.81,49.75244680851063,0.5024755319148937,12.0,0,1,0,0,0,0,0,0,0,0,0,0
FBIOP,2.3438,19.38,31.290625,0.6870937500000001,12.0,0,0,0,0,0,1,0,0,0,0,0,0
FBIZ,0.91,2.3,9.03,0.9097,4.0,0,0,0,0,1,0,0,0,0,0,0,0
FBMS,0.96,3.3,10.75,0.8925,4.0,0,0,0,0,1,0,0,0,0,0,0,0
FBNC,0.88,2.37,12.86,0.8714,4.0,0,0,0,0,1,0,0,0,0,0,0,0
FCAP,1.08,4.0,6.84,0.9316,4.0,0,0,0,0,1,0,0,0,0,0,0,0
FCBC,1.16,3.09,13.27,0.8673,4.0,0,0,0,0,1,0,0,0,0,0,0,0
FCCO,0.56,2.65,12.87,0.8713,4.0,0,0,0,0,1,0,0,0,0,0,0,0
FCFS,1.4,1.27,22.14,0.7786,4.0,0,1,0,0,0,0,0,0,0,0,0,0
FCNCA,6.56,0.46,1.85,0.9815,4.0,0,0,0,0,1,0,0,0,0,0,0,0
FCNCO,1.4063,6.4,18.302007434944237,0.8169799256505577,4.0,0,0,0,0,1,0,0,0,0,0,0,0
FCNCP,1.3438,6.41,18.302007434944237,0.8169799256505577,4.0,0,0,0,0,1,0,0,0,0,0,0,0
FDBC,1.52,2.62,13.26,0.8674,4.0,0,0,0,0,1,0,0,0,0,0,0,0
FDUS,2.8,14.37,9.02,0.9097999999999999,4.0,0,0,0,0,1,0,0,0,0,0,0,0
FELE,0.9,0.94,23.21,0.7679,4.0,0,1,0,0,0,0,0,0,0,0,0,0
FFBC,0.92,3.88,8.4,0.916,4.0,0,0,0,0,1,0,0,0,0,0,0,0
FFIC,0.88,5.29,14.86,0.8514,4.0,0,0,0,0,1,0,0,0,0,0,0,0
FFNW,0.52,3.88,15.0,0.85,4.0,0,0,0,0,1,0,0,0,0,0,0,0
FGBI,0.64,5.72,11.46,0.8854,4.0,0,0,0,0,1,0,0,0,0,0,0,0
FGBIP,1.6875,8.84,18.302007434944237,0.8169799256505577,4.0,0,0,0,0,1,0,0,0,0,0,0,0
FGFPP,2.0,13.75,18.302007434944237,0.8169799256505577,4.0,0,0,0,0,1,0,0,0,0,0,0,0
FHB,1.04,4.59,10.9,0.891,4.0,0,0,0,0,1,0,0,0,0,0,0,0
FIBK,1.88,6.07,11.55,0.8845,4.0,0,0,0,0,1,0,0,0,0,0,0,0
FIP,0.12,2.86,27.281764705882352,0.7271823529411765,4.0,0,0,0,0,0,0,1,0,0,0,0,0
FITB,1.4,4.07,9.77,0.9023,4.0,0,0,0,0,1,0,0,0,0,0,0,0
FITBI,1.6562,6.49,18.302007434944237,0.8169799256505577,4.0,0,0,0,0,1,0,0,0,0,0,0,0
FITBO,1.2375,5.31,18.302007434944237,0.8169799256505577,4.0,0,0,0,0,1,0,0,0,0,0,0,0
FITBP,1.5,6.21,18.302007434944237,0.8169799256505577,4.0,0,0,0,0,1,0,0,0,0,0,0,0
FLIC,0.84,6.18,10.15,0.8985,4.0,0,0,0,0,1,0,0,0,0,0,0,0
FLXS,0.6,3.37,6.23,0.9377,4.0,0,1,0,0,0,0,0,0,0,0,0,0
FMAO,0.84,3.31,14.19,0.8581,4.0,0,0,0,0,1,0,0,0,0,0,0,0
FMBH,0.92,2.68,10.03,0.8996999999999999,4.0,0,0,0,0,1,0,0,0,0,0,0,0
FMNB,0.68,4.77,10.63,0.8936999999999999,4.0,0,0,0,0,1,0,0,0,0,0,0,0
FNCB,0.36,5.33,9.26,0.9074,4.0,0,0,0,0,1,0,0,0,0,0,0,0
FNLC,1.4,5.01,9.67,0.9033,4.0,0,0,0,0,1,0,0,0,0,0,0,0
FNWB,0.28,1.77,10.33,0.8967,4.0,0,0,0,0,1,0,0,0,0,0,0,0
FNWD,1.24,4.91,10.02,0.8998,4.0,0,0,0,0,1,0,0,0,0,0,0,0
FORTY,0.630914,2.6358620689655172,15.78,0.8422000000000001,1.0,0,0,0,0,0,0,0,0,0,1,0,0
FOSLL,1.75,13.09,49.75244680851063,0.5024755319148937,4.0,0,1,0,0,0,0,0,0,0,0,0,0
FOX,0.52,1.86,13.67,0.8633,2.0,0,0,0,0,0,0,1,0,0,0,0,0
FOXA,0.52,1.74,14.69,0.8531,2.0,0,0,0,0,0,0,1,0,0,0,0,0
FRAF,1.28,4.08,9.92,0.9008,4.0,0,0,0,0,1,0,0,0,0,0,0,0
FRBA,0.24,1.6,13.39,0.8661,4.0,0,0,0,0,1,0,0,0,0,0,0,0
FRME,1.36,3.68,8.8,0.912,4.0,0,0,0,0,1,0,0,0,0,0,0,0
FRMEP,1.8752,7.74,18.302007434944237,0.8169799256505577,4.0,0,0,0,0,1,0,0,0,0,0,0,0
FRST,0.4,3.38,18.29,0.8171,4.0,0,0,0,0,1,0,0,0,0,0,0,0
FSBC,0.8,3.18,8.63,0.9137,4.0,0,0,0,0,1,0,0,0,0,0,0,0
FSBW,1.0,2.69,8.65,0.9135,4.0,0,0,0,0,1,0,0,0,0,0,0,0
FSFG,0.56,3.46,13.7,0.863,4.0,0,0,0,0,1,0,0,0,0,0,0,0
FTAI,1.2,2.63,37.91,0.6209,4.0,0,0,0,0,0,0,1,0,0,0,0,0
FTAIM,2.375,9.42,27.281764705882352,0.7271823529411765,3.0,0,0,0,0,0,0,1,0,0,0,0,0
FTAIN,2.0625,8.5,27.281764705882352,0.7271823529411765,4.0,0,0,0,0,0,0,1,0,0,0,0,0
FTAIO,2.0,8.26,27.281764705882352,0.7271823529411765,4.0,0,0,0,0,0,0,1,0,0,0,0,0
FTAIP,2.0625,8.34,27.281764705882352,0.7271823529411765,4.0,0,0,0,0,0,0,1,0,0,0,0,0
FULT,0.64,3.87,9.55,0.9045,4.0,0,0,0,0,1,0,0,0,0,0,0,0
FULTP,1.281,7.4,18.302007434944237,0.8169799256505577,4.0,0,0,0,0,1,0,0,0,0,0,0,0
FUNC,0.8,3.61,7.35,0.9265,4.0,0,0,0,0,1,0,0,0,0,0,0,0
FUND,0.508,6.42,18.302007434944237,0.8169799256505577,4.0,0,0,0,0,1,0,0,0,0,0,0,0
FWRD,0.96,1.47,16.14,0.8386,4.0,0,1,0,0,0,0,0,0,0,0,0,0
FXNC,0.6,2.8,8.83,0.9117,4.0,0,0,0,0,1,0,0,0,0,0,0,0
GABC,1.0,3.0,11.01,0.8899,4.0,0,0,0,0,1,0,0,0,0,0,0,0
GAIN,0.96,6.82,6.2,0.938,17.0,0,0,0,0,1,0,0,0,0,0,0,0
GAINN,1.25,5.19,18.302007434944237,0.8169799256505577,4.0,0,0,0,0,1,0,0,0,0,0,0,0
GAINZ,1.2188,5.24,18.302007434944237,0.8169799256505577,4.0,0,0,0,0,1,0,0,0,0,0,0,0
GBDC,1.48,9.85,9.89,0.9011,6.0,0,0,0,0,1,0,0,0,0,0,0,0
GCBC,0.32,1.05,18.23,0.8177,4.0,0,0,0,0,1,0,0,0,0,0,0,0
GCMG,0.44,4.94,18.302007434944237,0.8169799256505577,4.0,0,0,0,0,1,0,0,0,0,0,0,0
GECC,1.4,12.91,5.99,0.9401,4.0,0,0,0,0,1,0,0,0,0,0,0,0
GECCM,1.7063,6.84,18.302007434944237,0.8169799256505577,4.0,0,0,0,0,1,0,0,0,0,0,0,0
GECCO,1.4851,6.03,18.302007434944237,0.8169799256505577,4.0,0,0,0,0,1,0,0,0,0,0,0,0
GECCZ,2.2118,8.84,18.302007434944237,0.8169799256505577,2.0,0,0,0,0,1,0,0,0,0,0,0,0
GEGGL,1.8326,8.54,18.302007434944237,0.8169799256505577,4.0,0,0,0,0,1,0,0,0,0,0,0,0
GEHC,0.12,0.16,22.97,0.7703,3.0,0,0,0,0,0,0,0,0,0,1,0,0
GEN,0.5,2.16,10.61,0.8939,4.0,0,0,0,0,0,0,0,0,0,1,0,0
GILD,3.0,3.8,17.07,0.8293,4.0,0,0,0,0,0,1,0,0,0,0,0,0
GIPR,0.468,12.03,28.302142857142858,0.7169785714285715,12.0,0,0,0,0,0,0,0,0,1,0,0,0
GLAD,0.99,9.46,9.18,0.9082,13.0,0,0,0,0,1,0,0,0,0,0,0,0
GLBZ,0.4,6.74,8.13,0.9187,4.0,0,0,0,0,1,0,0,0,0,0,0,0
GLNG,1.0,4.34,49.75244680851063,0.5024755319148937,3.0,0,1,0,0,0,0,0,0,0,0,0,0
GLPI,2.92,6.03,17.75,0.8225,4.0,0,0,0,0,0,0,0,0,1,0,0,0
GNTX,0.48,1.48,19.07,0.8093,4.0,0,1,0,0,0,0,0,0,0,0,0,0
GOGL,0.4,4.24,16.02,0.8398,4.0,0,1,0,0,0,0,0,0,0,0,0,0
GOOD,1.2,9.23,28.302142857142858,0.7169785714285715,12.0,0,0,0,0,0,0,0,0,1,0,0,0
GOODN,1.6563,8.12,28.302142857142858,0.7169785714285715,12.0,0,0,0,0,0,0,0,0,1,0,0,0
GOODO,1.5,7.88,28.302142857142858,0.7169785714285715,12.0,0,0,0,0,0,0,0,0,1,0,0,0
GPP,1.82,14.17,7.93,0.9207,4.0,0,0,0,0,0,0,1,0,0,0,0,0
GREEL,2.125,21.79,18.302007434944237,0.8169799256505577,4.0,0,0,0,0,1,0,0,0,0,0,0,0
GRIN,0.12,1.3,49.75244680851063,0.5024755319148937,2.0,0,1,0,0,0,0,0,0,0,0,0,0
GROW,0.09,3.17,14.15,0.8585,12.0,0,0,0,0,1,0,0,0,0,0,0,0
GSBC,1.6,2.67,9.53,0.9047000000000001,4.0,0,0,0,0,1,0,0,0,0,0,0,0
GWRS,0.301,2.33,40.41,0.5959000000000001,12.0,0,0,0,0,0,0,0,0,0,0,0,1
HAFC,1.0,5.11,6.73,0.9327,4.0,0,0,0,0,1,0,0,0,0,0,0,0
HAS,2.8,5.48,49.75244680851063,0.5024755319148937,4.0,0,1,0,0,0,0,0,0,0,0,0,0
HAYN,0.88,1.56,17.23,0.8277,4.0,0,0,0,0,0,0,1,0,0,0,0,0
HBANL,1.719,6.93,18.302007434944237,0.8169799256505577,2.0,0,0,0,0,1,0,0,0,0,0,0,0
HBANM,1.425,6.61,18.302007434944237,0.8169799256505577,4.0,0,0,0,0,1,0,0,0,0,0,0,0
HBANP,1.125,6.26,18.302007434944237,0.8169799256505577,4.0,0,0,0,0,1,0,0,0,0,0,0,0
HBCP,1.0,2.37,8.22,0.9178,4.0,0,0,0,0,1,0,0,0,0,0,0,0
HBNC,0.64,4.56,8.31,0.9169,4.0,0,0,0,0,1,0,0,0,0,0,0,0
HBT,0.68,3.23,10.06,0.8994,4.0,0,0,0,0,1,0,0,0,0,0,0,0
HEES,1.1,2.12,11.24,0.8876,4.0,0,0,0,0,0,0,1,0,0,0,0,0
HFBL,0.5,3.49,8.54,0.9146,4.0,0,0,0,0,1,0,0,0,0,0,0,0
HFWA,0.88,4.11,9.73,0.9027000000000001,4.0,0,0,0,0,1,0,0,0,0,0,0,0
HIBB,1.0,1.39,8.32,0.9168000000000001,4.0,0,1,0,0,0,0,0,0,0,0,0,0
HIFS,2.52,1.3,13.78,0.8622,4.0,0,0,0,0,1,0,0,0,0,0,0,0
HIMX,0.48,7.92,15.34,0.8466,1.0,0,0,0,0,0,0,0,0,0,1,0,0
HMNF,0.32,1.38,14.59,0.8541,4.0,0,0,0,0,1,0,0,0,0,0,0,0
HMST,0.4,4.3,18.302007434944237,0.8169799256505577,4.0,0,0,0,0,1,0,0,0,0,0,0,0
HNNA,0.55,8.4,10.56,0.8944,4.0,0,0,0,0,1,0,0,0,0,0,0,0
HNNAZ,1.2188,5.25,18.302007434944237,0.8169799256505577,5.0,0,0,0,0,1,0,0,0,0,0,0,0
HNVR,0.4,2.31,8.46,0.9154,4.0,0,0,0,0,1,0,0,0,0,0,0,0
HOFT,0.92,3.48,49.75244680851063,0.5024755319148937,4.0,0,1,0,0,0,0,0,0,0,0,0,0
HON,4.32,2.11,25.41,0.7459,4.0,0,0,0,0,0,0,1,0,0,0,0,0
HONE,0.3,2.5,16.2,0.838,4.0,0,0,0,0,1,0,0,0,0,0,0,0
HOPE,0.56,4.67,9.02,0.9097999999999999,4.0,0,0,0,0,1,0,0,0,0,0,0,0
HOVNP,1.9063,10.3,49.75244680851063,0.5024755319148937,4.0,0,1,0,0,0,0,0,0,0,0,0,0
HPK,0.1,0.7,9.87,0.9013,4.0,0,0,0,1,0,0,0,0,0,0,0,0
HQI,0.24,1.51,24.4,0.756,4.0,0,1,0,0,0,0,0,0,0,0,0,0
HROWL,2.1563,8.97,31.290625,0.6870937500000001,4.0,0,0,0,0,0,1,0,0,0,0,0,0
HROWM,2.9688,11.48,31.290625,0.6870937500000001,4.0,0,0,0,0,0,1,0,0,0,0,0,0
HSII,0.6,2.03,10.92,0.8908,4.0,0,1,0,0,0,0,0,0,0,0,0,0
HST,0.72,3.68,18.64,0.8136,4.0,0,0,0,0,0,0,0,0,1,0,0,0
HSTM,0.1,0.37,62.77,0.37229999999999996,4.0,0,1,0,0,0,0,0,0,0,0,0,0
HTBI,0.44,1.6,8.91,0.9109,4.0,0,0,0,0,1,0,0,0,0,0,0,0
HTBK,0.52,5.3,8.31,0.9169,4.0,0,0,0,0,1,0,0,0,0,0,0,0
HTIA,1.8438,12.63,28.302142857142858,0.7169785714285715,4.0,0,0,0,0,0,0,0,0,1,0,0,0
HTIBP,1.7813,12.71,28.302142857142858,0.7169785714285715,4.0,0,0,0,0,0,0,0,0,1,0,0,0
HTLD,0.08,0.57,45.06,0.5494,4.0,0,0,0,0,0,0,1,0,0,0,0,0
HTLF,1.2,3.19,8.04,0.9196,4.0,0,0,0,0,1,0,0,0,0,0,0,0
HTLFP,1.75,7.01,18.302007434944237,0.8169799256505577,4.0,0,0,0,0,1,0,0,0,0,0,0,0
HURC,0.64,2.92,42.02,0.5798,4.0,0,0,0,0,0,0,1,0,0,0,0,0
HWC,1.2,2.51,8.59,0.9141,4.0,0,0,0,0,1,0,0,0,0,0,0,0
HWCPZ,1.5625,6.21,18.302007434944237,0.8169799256505577,4.0,0,0,0,0,1,0,0,0,0,0,0,0
HWKN,0.64,0.89,21.82,0.7818,4.0,0,1,0,0,0,0,0,0,0,0,0,0
IBCP,0.92,3.55,9.2,0.908,4.0,0,0,0,0,1,0,0,0,0,0,0,0
IBKR,0.4,0.49,14.96,0.8504,4.0,0,0,0,0,1,0,0,0,0,0,0,0
IBOC,1.26,2.43,7.85,0.9215,2.0,0,0,0,0,1,0,0,0,0,0,0,0
IBTX,1.52,3.01,30.25,0.6975,4.0,0,0,0,0,1,0,0,0,0,0,0,0
ICMB,0.72,20.81,18.302007434944237,0.8169799256505577,4.0,0,0,0,0,1,0,0,0,0,0,0,0
IDCC,1.6,1.44,15.48,0.8452,4.0,0,0,0,0,0,0,0,1,0,0,0,0
IEP,4.0,23.6,49.75244680851063,0.5024755319148937,4.0,0,1,0,0,0,0,0,0,0,0,0,0
III,0.18,3.8,17.56,0.8244,4.0,0,1,0,0,0,0,0,0,0,0,0,0
ILPT,0.04,0.87,28.302142857142858,0.7169785714285715,4.0,0,0,0,0,0,0,0,0,1,0,0,0
IMKTA,0.66,0.77,7.69,0.9231,4.0,0,0,1,0,0,0,0,0,0,0,0,0
IMMR,0.12,1.7,6.19,0.9381,4.0,0,0,0,0,0,0,0,0,0,1,0,0
IMPPP,2.1875,10.2,49.75244680851063,0.5024755319148937,3.0,0,1,0,0,0,0,0,0,0,0,0,0
INBK,0.24,0.98,17.94,0.8206,4.0,0,0,0,0,1,0,0,0,0,0,0,0
INBKZ,1.5,7.03,18.302007434944237,0.8169799256505577,4.0,0,0,0,0,1,0,0,0,0,0,0,0
INTC,0.5,1.06,30.765510204081632,0.6923448979591837,4.0,0,0,0,0,0,0,0,0,0,1,0,0
INTU,3.6,0.58,67.87,0.3212999999999999,4.0,0,0,0,0,0,0,0,0,0,1,0,0
IOSP,1.44,1.17,24.39,0.7561,2.0,0,0,0,0,0,0,1,0,0,0,0,0
IPAR,2.5,1.76,28.64,0.7136,4.0,0,1,0,0,0,0,0,0,0,0,0,0
IRDM,0.52,1.28,60.52857142857143,0.3947142857142857,4.0,0,0,0,0,0,0,0,0,0,0,1,0
IROQ,0.4,2.41,17.14,0.8286,2.0,0,0,0,0,1,0,0,0,0,0,0,0
ISTR,0.4,2.73,6.63,0.9337,4.0,0,0,0,0,1,0,0,0,0,0,0,0
ITIC,1.84,1.12,13.5,0.865,4.0,0,0,0,0,1,0,0,0,0,0,0,0
JACK,1.76,2.14,13.21,0.8679,4.0,0,1,0,0,0,0,0,0,0,0,0,0
JBHT,1.68,0.84,27.23,0.7277,4.0,0,0,0,0,0,0,1,0,0,0,0,0
JBSS,2.0,1.92,18.95,0.8105,2.0,0,0,1,0,0,0,0,0,0,0,0,0
JD,0.62,2.22,13.21,0.8679,1.0,0,1,0,0,0,0,0,0,0,0,0,0
JKHY,2.08,1.27,33.12,0.6688000000000001,4.0,0,0,0,0,0,0,0,0,0,1,0,0
JMSB,0.22,0.94,38.65,0.6134999999999999,1.0,0,0,0,0,1,0,0,0,0,0,0,0
JOUT,1.32,2.62,26.84,0.7316,4.0,0,1,0,0,0,0,0,0,0,0,0,0
JRSH,0.2,6.41,49.75244680851063,0.5024755319148937,4.0,0,1,0,0,0,0,0,0,0,0,0,0
JRVR,0.2,2.14,6.07,0.9393,4.0,0,0,0,0,1,0,0,0,0,0,0,0
JSM,1.5,7.47,18.302007434944237,0.8169799256505577,4.0,0,0,0,0,1,0,0,0,0,0,0,0
KALU,3.08,4.43,87.52,0.12480000000000002,4.0,0,0,0,0,0,0,1,0,0,0,0,0
KDP,0.86,2.64,23.57,0.7643,4.0,0,0,1,0,0,0,0,0,0,0,0,0
KELYA,0.3,1.4,33.31,0.6669,4.0,0,1,0,0,0,0,0,0,0,0,0,0
KELYB,0.3,1.42,32.54,0.6746000000000001,4.0,0,1,0,0,0,0,0,0,0,0,0,0
KFFB,0.4,9.78,102.25,-0.022499999999999964,4.0,0,0,0,0,1,0,0,0,0,0,0,0
KFRC,1.44,2.11,25.83,0.7417,4.0,0,1,0,0,0,0,0,0,0,0,0,0
KHC,1.6,4.45,14.86,0.8514,4.0,0,0,1,0,0,0,0,0,0,0,0,0
KLAC,5.8,1.0,26.18,0.7382,4.0,0,0,0,0,0,0,0,0,0,1,0,0
KRNY,0.44,4.8,17.17,0.8283,4.0,0,0,0,0,1,0,0,0,0,0,0,0
KRT,0.8,3.34,14.63,0.8537,3.0,0,0,0,0,0,0,1,0,0,0,0,0
LAKE,0.12,0.67,20.48,0.7952,4.0,0,0,0,0,0,1,0,0,0,0,0,0
LAMR,5.0,4.7,26.57,0.7343,4.0,0,0,0,0,0,0,0,0,1,0,0,0
LANC,3.6,2.22,38.57,0.6143000000000001,4.0,0,0,1,0,0,0,0,0,0,0,0,0
LAND,0.5568,3.83,28.302142857142858,0.7169785714285715,12.0,0,0,0,0,0,0,0,0,1,0,0,0
LANDM,1.25,5.27,28.302142857142858,0.7169785714285715,12.0,0,0,0,0,0,0,0,0,1,0,0,0
LANDO,1.5,8.0,28.302142857142858,0.7169785714285715,12.0,0,0,0,0,0,0,0,0,1,0,0,0
LANDP,1.5,8.02,28.302142857142858,0.7169785714285715,7.0,0,0,0,0,0,0,0,0,1,0,0,0
LARK,0.84,5.242067183462533,9.78,0.9022,4.0,0,0,0,0,1,0,0,0,0,0,0,0
LBAI,0.58,3.95,9.85,0.9015,4.0,0,0,0,0,1,0,0,0,0,0,0,0
LBRDP,1.75,7.83,60.52857142857143,0.3947142857142857,4.0,0,0,0,0,0,0,0,0,0,0,1,0
LCNB,0.88,5.37,9.57,0.9043,4.0,0,0,0,0,1,0,0,0,0,0,0,0
LCUT,0.17,2.86,49.75244680851063,0.5024755319148937,4.0,0,1,0,0,0,0,0,0,0,0,0,0
LECO,2.56,1.18,25.41,0.7459,4.0,0,0,0,0,0,0,1,0,0,0,0,0
LFMDP,2.2188,11.68,31.290625,0.6870937500000001,4.0,0,0,0,0,0,1,0,0,0,0,0,0
LFUS,2.6,0.97,21.78,0.7822,4.0,0,0,0,1,0,0,0,0,0,0,0,0
LFVN,0.14,2.23,31.45,0.6855,4.0,0,0,0,0,0,1,0,0,0,0,0,0
LIN,5.1,1.25,33.87,0.6613,4.0,0,0,0,0,0,0,1,0,0,0,0,0
LKFN,1.84,2.82,18.94,0.8106,4.0,0,0,0,0,1,0,0,0,0,0,0,0
LKQ,1.2,2.53,13.42,0.8658,4.0,0,1,0,0,0,0,0,0,0,0,0,0
LMAT,0.56,0.99,47.13,0.5287,4.0,0,0,0,0,0,1,0,0,0,0,0,0
LMNR,0.3,1.56,41.43,0.5857,4.0,0,0,1,0,0,0,0,0,0,0,0,0
LNT,1.81,3.58,18.46,0.8154,4.0,0,0,0,0,0,0,0,0,0,0,0,1
LOAN,0.45,9.33,9.85,0.9015,4.0,0,0,0,0,0,0,0,0,1,0,0,0
LOGI,1.1876,1.27,38.96,0.6104,1.0,0,0,0,0,0,0,0,0,0,1,0,0
LPLA,1.2,0.54,15.16,0.8484,4.0,0,0,0,0,1,0,0,0,0,0,0,0
LSTR,1.32,0.67,23.93,0.7607,5.0,0,0,0,0,0,0,1,0,0,0,0,0
LX,0.232,11.96,1.71,0.9829,1.0,0,0,0,0,1,0,0,0,0,0,0,0
LYTS,0.2,1.42,15.22,0.8478,4.0,0,1,0,0,0,0,0,0,0,0,0,0
MAR,2.08,0.94,23.5,0.765,4.0,0,1,0,0,0,0,0,0,0,0,0,0
MARPS,0.3346,7.97,7.78,0.9222,4.0,0,0,0,1,0,0,0,0,0,0,0,0
MATW,0.96,2.55,30.67,0.6933,4.0,0,0,0,0,0,0,0,0,0,0,1,0
MBCN,0.8,2.35,15.3,0.847,4.0,0,0,0,0,1,0,0,0,0,0,0,0
MBWM,1.36,3.39,7.73,0.9227,4.0,0,0,0,0,1,0,0,0,0,0,0,0
MCBC,0.36,3.17,8.64,0.9136,4.0,0,0,0,0,1,0,0,0,0,0,0,0
MCBS,0.72,2.94,11.67,0.8833,4.0,0,0,0,0,1,0,0,0,0,0,0,0
MCHP,1.756,1.95,20.06,0.7994,4.0,0,0,0,0,0,0,0,0,0,1,0,0
MCRI,1.2,1.76,15.82,0.8418,4.0,0,1,0,0,0,0,0,0,0,0,0,0
MDLZ,1.7,2.41,21.03,0.7897,4.0,0,0,1,0,0,0,0,0,0,0,0,0
MDRRP,4.0,17.0,28.302142857142858,0.7169785714285715,3.0,0,0,0,0,0,0,0,0,1,0,0,0
MEOH,0.74,1.54,19.04,0.8096,4.0,0,0,0,0,0,0,1,0,0,0,0,0
MERC,0.3,3.17,14.73,0.8527,4.0,1,0,0,0,0,0,0,0,0,0,0,0
METC,0.5,2.99,11.45,0.8855,4.0,0,0,0,1,0,0,0,0,0,0,0,0
METCB,0.9948,7.5,13.215,0.86785,2.0,0,0,0,1,0,0,0,0,0,0,0,0
METCL,2.25,8.7,13.215,0.86785,4.0,0,0,0,1,0,0,0,0,0,0,0,0
MFIC,1.52,11.14,10.29,0.8971,5.0,0,0,0,0,1,0,0,0,0,0,0,0
MFIN,0.4,4.09,4.15,0.9585,4.0,0,0,0,0,1,0,0,0,0,0,0,0
MGEE,1.71,2.41,21.95,0.7805,4.0,0,0,0,1,0,0,0,0,0,0,0,0
MGIC,0.654,6.59,12.72,0.8728,2.0,0,0,0,0,0,0,0,0,0,1,0,0
MGPI,0.48,0.49,22.58,0.7742,4.0,0,0,1,0,0,0,0,0,0,0,0,0
MGRC,1.86,1.59,15.76,0.8424,4.0,0,1,0,0,0,0,0,0,0,0,0,0
MGYR,0.16,1.42,9.36,0.9064,5.0,0,0,0,0,1,0,0,0,0,0,0,0
MINDP,2.25,23.56,27.281764705882352,0.7271823529411765,1.0,0,0,0,0,0,0,1,0,0,0,0,0
MKSI,0.88,0.89,27.281764705882352,0.7271823529411765,4.0,0,0,0,0,0,0,1,0,0,0,0,0
MKTX,2.88,1.01,43.26,0.5674,4.0,0,0,0,0,1,0,0,0,0,0,0,0
MLAB,0.64,0.61,27.281764705882352,0.7271823529411765,4.0,0,0,0,0,0,0,1,0,0,0,0,0
MMLP,0.02,0.78,13.215,0.86785,4.0,0,0,0,1,0,0,0,0,0,0,0,0
MNDO,0.24,12.31,7.86,0.9214,1.0,0,0,0,0,0,0,0,0,0,1,0,0
MNRO,1.12,3.59,28.45,0.7155,4.0,0,1,0,0,0,0,0,0,0,0,0,0
MNSB,0.4,1.62,6.89,0.9311,4.0,0,0,0,0,1,0,0,0,0,0,0,0
MNSBP,1.875,8.01,18.302007434944237,0.8169799256505577,4.0,0,0,0,0,1,0,0,0,0,0,0,0
MOFG,0.97,3.64,12.35,0.8765000000000001,4.0,0,0,0,0,1,0,0,0,0,0,0,0
MORN,1.5,0.53,171.48,-0.7147999999999999,4.0,0,0,0,0,1,0,0,0,0,0,0,0
MPB,0.8,3.29,9.69,0.9031,4.0,0,0,0,0,1,0,0,0,0,0,0,0
MPWR,4.0,0.64,67.35,0.3265,4.0,0,0,0,0,0,0,0,0,0,1,0,0
MRBK,0.5,3.74,9.0,0.91,4.0,0,0,0,0,1,0,0,0,0,0,0,0
MRCC,1.0,14.66,42.63,0.5737,4.0,0,0,0,0,1,0,0,0,0,0,0,0
MRTN,0.24,1.17,20.26,0.7974,4.0,0,0,0,0,0,0,1,0,0,0,0,0
MRVL,0.24,0.4,30.765510204081632,0.6923448979591837,4.0,0,0,0,0,0,0,0,0,0,1,0,0
MSBI,1.2,4.35,7.45,0.9255,4.0,0,0,0,0,1,0,0,0,0,0,0,0
MSEX,1.3,1.92,37.4,0.626,4.0,0,0,0,0,0,0,0,0,0,0,0,1
MSFT,3.0,0.8,36.18,0.6382,4.0,0,0,0,0,0,0,0,0,0,1,0,0
MTEX,0.8,10.57,31.290625,0.6870937500000001,2.0,0,0,0,0,0,1,0,0,0,0,0,0
MU,0.46,0.54,30.765510204081632,0.6923448979591837,4.0,0,0,0,0,0,0,0,0,0,1,0,0
MVBF,0.68,3.0,10.03,0.8996999999999999,4.0,0,0,0,0,1,0,0,0,0,0,0,0
NATH,2.0,2.59,15.98,0.8402000000000001,4.0,0,1,0,0,0,0,0,0,0,0,0,0
NAVI,0.64,3.32,6.88,0.9312,4.0,0,0,0,0,1,0,0,0,0,0,0,0
NBN,0.04,0.07,8.32,0.9168000000000001,4.0,0,0,0,0,1,0,0,0,0,0,0,0
NBTB,1.28,3.03,15.07,0.8492999999999999,4.0,0,0,0,0,1,0,0,0,0,0,0,0
NDAQ,0.88,1.57,25.43,0.7457,4.0,0,0,0,0,1,0,0,0,0,0,0,0
NECB,0.24,1.36,6.17,0.9383,4.0,0,0,0,0,1,0,0,0,0,0,0,0
NEWT,0.72,5.03,14.5,0.855,3.0,0,0,0,0,1,0,0,0,0,0,0,0
NEWTI,2.0222,8.09,18.302007434944237,0.8169799256505577,1.0,0,0,0,0,1,0,0,0,0,0,0,0
NEWTL,1.4375,5.79,18.302007434944237,0.8169799256505577,4.0,0,0,0,0,1,0,0,0,0,0,0,0
NEWTZ,1.375,5.7,18.302007434944237,0.8169799256505577,4.0,0,0,0,0,1,0,0,0,0,0,0,0
NFBK,0.52,4.23,12.82,0.8718,4.0,0,0,0,0,1,0,0,0,0,0,0,0
NFE,0.2,0.54,19.86,0.8014,5.0,0,0,0,0,0,0,0,0,0,0,0,1
NHTC,0.8,14.11,142.13,-0.4213,4.0,0,1,0,0,0,0,0,0,0,0,0,0
NKSH,1.56,4.64,18.302007434944237,0.8169799256505577,3.0,0,0,0,0,1,0,0,0,0,0,0,0
NMFC,1.44,11.22,11.42,0.8858,5.0,0,0,0,0,1,0,0,0,0,0,0,0
NMRK,0.12,1.16,115.78,-0.15779999999999994,4.0,0,0,0,0,1,0,0,0,0,0,0,0
NRC,0.48,1.22,34.08,0.6592,5.0,0,0,0,0,0,1,0,0,0,0,0,0
NRIM,2.4,4.08,12.42,0.8758,4.0,0,0,0,0,1,0,0,0,0,0,0,0
NSSC,0.32,0.94,31.93,0.6807000000000001,3.0,0,0,0,0,0,0,0,0,0,0,1,0
NTAP,2.0,2.23,27.82,0.7218,4.0,0,0,0,0,0,0,0,0,0,1,0,0
NTES,1.98,1.9,14.85,0.8515,4.0,0,0,0,0,0,0,0,0,0,1,0,0
NTIC,0.28,2.3,30.3,0.6970000000000001,4.0,0,0,0,0,0,0,1,0,0,0,0,0
NVDA,0.16,0.03,64.93,0.3506999999999999,4.0,0,0,0,0,0,0,0,0,0,1,0,0
NVEC,4.0,5.0,17.98,0.8202,4.0,0,0,0,0,0,0,0,0,0,1,0,0
NWBI,0.8,6.37,11.58,0.8842,4.0,0,0,0,0,1,0,0,0,0,0,0,0
NWE,2.56,5.02,17.22,0.8278,4.0,0,0,0,0,0,0,0,0,0,0,0,1
NWFL,1.16,3.46,11.53,0.8847,4.0,0,0,0,0,1,0,0,0,0,0,0,0
NWL,0.28,3.22,27.281764705882352,0.7271823529411765,4.0,0,0,0,0,0,0,1,0,0,0,0,0
NWLI,0.36,0.07,14.37,0.8563000000000001,1.0,0,0,0,0,1,0,0,0,0,0,0,0
NWS,0.2,0.81,99.54,0.0045999999999999375,2.0,0,1,0,0,0,0,0,0,0,0,0,0
NWSA,0.2,0.84,95.18,0.04819999999999991,2.0,0,1,0,0,0,0,0,0,0,0,0,0
NXST,5.4,3.39,13.81,0.8619,4.0,0,0,0,0,0,0,1,0,0,0,0,0
NYMTL,1.7188,8.6,28.302142857142858,0.7169785714285715,4.0,0,0,0,0,0,0,0,0,1,0,0,0
NYMTM,1.9688,8.28,28.302142857142858,0.7169785714285715,4.0,0,0,0,0,0,0,0,0,1,0,0,0
NYMTN,2.0,9.22,28.302142857142858,0.7169785714285715,4.0,0,0,0,0,0,0,0,0,1,0,0,0
NYMTZ,1.75,10.07,28.302142857142858,0.7169785714285715,4.0,0,0,0,0,0,0,0,0,1,0,0,0
OBT,0.92,1.55,11.02,0.8898,4.0,0,0,0,0,1,0,0,0,0,0,0,0
OCCI,2.4,35.98,18.302007434944237,0.8169799256505577,5.0,0,0,0,0,1,0,0,0,0,0,0,0
OCCIN,1.3125,5.82,18.302007434944237,0.8169799256505577,12.0,0,0,0,0,1,0,0,0,0,0,0,0
OCCIO,1.5313,6.47,18.302007434944237,0.8169799256505577,12.0,0,0,0,0,1,0,0,0,0,0,0,0
OCFC,0.8,4.63,8.26,0.9174,4.0,0,0,0,0,1,0,0,0,0,0,0,0
OCFCP,1.75,7.29,18.302007434944237,0.8169799256505577,4.0,0,0,0,0,1,0,0,0,0,0,0,0
OCSL,2.2,10.83,12.78,0.8722,4.0,0,0,0,0,1,0,0,0,0,0,0,0
ODFL,1.6,0.39,36.87,0.6313,4.0,0,0,0,0,0,0,1,0,0,0,0,0
OFS,1.36,11.88,25.44,0.7456,4.0,0,0,0,0,1,0,0,0,0,0,0,0
OFSSH,1.2375,5.69,18.302007434944237,0.8169799256505577,4.0,0,0,0,0,1,0,0,0,0,0,0,0
OLED,1.4,0.74,43.92,0.5608,4.0,0,0,0,0,0,0,0,0,0,1,0,0
ONB,0.56,3.33,7.85,0.9215,4.0,0,0,0,0,1,0,0,0,0,0,0,0
ONBPO,1.75,7.12,18.302007434944237,0.8169799256505577,4.0,0,0,0,0,1,0,0,0,0,0,0,0
ONBPP,1.75,7.06,18.302007434944237,0.8169799256505577,4.0,0,0,0,0,1,0,0,0,0,0,0,0
OPBK,0.48,4.32,6.47,0.9353,4.0,0,0,0,0,1,0,0,0,0,0,0,0
OPI,1.0,14.75,18.302007434944237,0.8169799256505577,4.0,0,0,0,0,1,0,0,0,0,0,0,0
OPINL,1.5938,13.02,18.302007434944237,0.8169799256505577,4.0,0,0,0,0,1,0,0,0,0,0,0,0
OPOF,0.56,3.11,10.1,0.899,4.0,0,0,0,0,1,0,0,0,0,0,0,0
OPRA,0.8,5.82,19.04,0.8096,2.0,0,0,0,0,0,0,0,0,0,1,0,0
ORRF,0.8,2.74,8.15,0.9185,4.0,0,0,0,0,1,0,0,0,0,0,0,0
OSBC,0.2,1.27,7.47,0.9253,4.0,0,0,0,0,1,0,0,0,0,0,0,0
OTEX,1.0,2.37,32.64,0.6736,4.0,0,0,0,0,0,0,0,0,0,1,0,0
OTTR,1.75,2.03,13.18,0.8682,4.0,0,0,0,0,0,0,0,0,0,0,0,1
OVBC,0.88,3.68,8.82,0.9117999999999999,5.0,0,0,0,0,1,0,0,0,0,0,0,0
OVLY,0.32,1.1,6.94,0.9306,2.0,0,0,0,0,1,0,0,0,0,0,0,0
OXLC,0.96,19.67,18.302007434944237,0.8169799256505577,12.0,0,0,0,0,1,0,0,0,0,0,0,0
OXLCM,1.6875,6.78,18.302007434944237,0.8169799256505577,12.0,0,0,0,0,1,0,0,0,0,0,0,0
OXLCN,1.7813,7.55,18.302007434944237,0.8169799256505577,12.0,0,0,0,0,1,0,0,0,0,0,0,0
OXLCO,1.5,6.76,18.302007434944237,0.8169799256505577,12.0,0,0,0,0,1,0,0,0,0,0,0,0
OXLCP,1.5625,6.82,18.302007434944237,0.8169799256505577,12.0,0,0,0,0,1,0,0,0,0,0,0,0
OXSQ,0.42,14.63,143.5,-0.43500000000000005,13.0,0,0,0,0,1,0,0,0,0,0,0,0
OXSQG,1.375,6.16,49.75244680851063,0.5024755319148937,4.0,0,1,0,0,0,0,0,0,0,0,0,0
OXSQZ,1.5625,6.46,18.302007434944237,0.8169799256505577,4.0,0,0,0,0,1,0,0,0,0,0,0,0
OZK,1.48,2.95,8.91,0.9109,4.0,0,0,0,0,1,0,0,0,0,0,0,0
OZKAP,1.1562,6.82,18.302007434944237,0.8169799256505577,4.0,0,0,0,0,1,0,0,0,0,0,0,0
PAA,1.07,7.09,11.26,0.8874,4.0,0,0,0,1,0,0,0,0,0,0,0,0
PAGP,1.07,6.75,16.17,0.8383,4.0,0,0,0,1,0,0,0,0,0,0,0,0
PAHC,0.48,4.21,22.26,0.7774,4.0,0,0,0,0,0,1,0,0,0,0,0,0
PANL,0.4,5.09,8.93,0.9107000000000001,4.0,0,1,0,0,0,0,0,0,0,0,0,0
PATK,2.2,2.23,14.65,0.8535,4.0,0,1,0,0,0,0,0,0,0,0,0,0
PAX,0.796,5.19,19.16,0.8084,4.0,0,0,0,0,1,0,0,0,0,0,0,0
PAYX,3.56,2.99,26.42,0.7358,4.0,0,1,0,0,0,0,0,0,0,0,0,0
PBHC,0.36,2.7,7.93,0.9207,4.0,0,0,0,0,1,0,0,0,0,0,0,0
PCAR,1.08,1.11,12.47,0.8753,5.0,0,1,0,0,0,0,0,0,0,0,0,0
PCB,0.72,3.79,8.18,0.9182,4.0,0,0,0,0,1,0,0,0,0,0,0,0
PCH,1.8,3.66,60.54,0.39460000000000006,4.0,0,0,0,0,0,0,0,0,1,0,0,0
PDCO,1.04,3.66,13.76,0.8624,4.0,0,0,0,0,0,1,0,0,0,0,0,0
PEBK,0.76,2.55,10.31,0.8969,5.0,0,0,0,0,1,0,0,0,0,0,0,0
PEBO,1.56,4.59,9.98,0.9002,4.0,0,0,0,0,1,0,0,0,0,0,0,0
PEGA,0.12,0.24,30.765510204081632,0.6923448979591837,4.0,0,0,0,0,0,0,0,0,0,1,0,0
PETS,1.2,15.87,19.90727272727273,0.8009272727272727,3.0,0,0,1,0,0,0,0,0,0,0,0,0
PFBC,2.2,2.94,7.08,0.9292,4.0,0,0,0,0,1,0,0,0,0,0,0,0
PFC,1.24,5.23,7.41,0.9259,4.0,0,0,0,0,1,0,0,0,0,0,0,0
PFG,2.68,3.4,13.09,0.8691,4.0,0,0,0,0,1,0,0,0,0,0,0,0
PFIS,1.64,3.4,10.54,0.8946000000000001,4.0,0,0,0,0,1,0,0,0,0,0,0,0
PFXNZ,1.3125,5.96,18.302007434944237,0.8169799256505577,4.0,0,0,0,0,1,0,0,0,0,0,0,0
PGC,0.2,0.68,8.88,0.9112,4.0,0,0,0,0,1,0,0,0,0,0,0,0
PINC,0.84,3.72,15.39,0.8461,4.0,0,1,0,0,0,0,0,0,0,0,0,0
PKBK,0.72,3.64,7.86,0.9214,4.0,0,0,0,0,1,0,0,0,0,0,0,0
PKOH,0.5,1.87,27.281764705882352,0.7271823529411765,4.0,0,0,0,0,0,0,1,0,0,0,0,0
PLBC,1.0,2.35,8.42,0.9158,4.0,0,0,0,0,1,0,0,0,0,0,0,0
PLPC,0.8,0.59,9.09,0.9091,4.0,0,0,0,0,0,0,1,0,0,0,0,0
PMD,0.28,9.76,31.290625,0.6870937500000001,2.0,0,0,0,0,0,1,0,0,0,0,0,0
PNFP,0.88,1.03,11.03,0.8897,4.0,0,0,0,0,1,0,0,0,0,0,0,0
PNFPP,1.688,7.46,18.302007434944237,0.8169799256505577,4.0,0,0,0,0,1,0,0,0,0,0,0,0
POOL,4.4,1.11,28.62,0.7138,4.0,0,1,0,0,0,0,0,0,0,0,0,0
POWI,0.8,0.97,74.98,0.2502,4.0,0,0,0,0,0,0,0,0,0,1,0,0
POWL,1.05,1.16,20.24,0.7976,4.0,0,0,0,1,0,0,0,0,0,0,0,0
POWWP,2.2118,8.39,27.281764705882352,0.7271823529411765,4.0,0,0,0,0,0,0,1,0,0,0,0,0
PPBI,1.32,4.56,11.74,0.8826,4.0,0,0,0,0,1,0,0,0,0,0,0,0
PRDO,0.44,2.49,8.2,0.918,2.0,0,0,0,0,0,0,0,0,1,0,0,0
PRGS,0.7,1.27,31.29,0.6871,4.0,0,0,0,0,0,0,0,0,0,1,0,0
PROV,0.56,4.63,10.46,0.8954,4.0,0,0,0,0,1,0,0,0,0,0,0,0
PSEC,0.72,11.75,55.73,0.4427,12.0,0,0,0,0,1,0,0,0,0,0,0,0
PSMT,0.92,1.23,21.74,0.7826,2.0,0,1,0,0,0,0,0,0,0,0,0,0
PTEN,0.32,2.91,8.35,0.9165,4.0,0,0,0,1,0,0,0,0,0,0,0,0
PTMN,2.76,15.57,18.302007434944237,0.8169799256505577,4.0,0,0,0,0,1,0,0,0,0,0,0,0
PTVE,0.4,3.03,49.75244680851063,0.5024755319148937,4.0,0,1,0,0,0,0,0,0,0,0,0,0
PWOD,1.28,5.47,10.83,0.8916999999999999,4.0,0,0,0,0,1,0,0,0,0,0,0,0
PWP,0.28,2.29,18.302007434944237,0.8169799256505577,4.0,0,0,0,0,1,0,0,0,0,0,0,0
PXSAP,1.938,8.07,49.75244680851063,0.5024755319148937,12.0,0,1,0,0,0,0,0,0,0,0,0,0
PZZA,1.84,2.51,31.9,0.681,4.0,0,1,0,0,0,0,0,0,0,0,0,0
QCOM,3.2,2.25,22.19,0.7781,4.0,0,0,0,0,0,0,0,0,0,1,0,0
QFIN,1.0,6.73,4.35,0.9565,3.0,0,0,0,0,1,0,0,0,0,0,0,0
QQQX,1.68,7.41,18.302007434944237,0.8169799256505577,4.0,0,0,0,0,1,0,0,0,0,0,0,0
QRTEP,8.0,21.94,49.75244680851063,0.5024755319148937,4.0,0,1,0,0,0,0,0,0,0,0,0,0
RAND,1.0,7.4,6.05,0.9395,4.0,0,0,0,0,1,0,0,0,0,0,0,0
RBB,0.64,3.34,7.24,0.9276,4.0,0,0,0,0,1,0,0,0,0,0,0,0
RCKY,0.62,2.12,21.07,0.7893,4.0,0,1,0,0,0,0,0,0,0,0,0,0
RDUS,0.75,2.42,49.75244680851063,0.5024755319148937,4.0,0,1,0,0,0,0,0,0,0,0,0,0
REFI,1.88,11.23,8.29,0.9171,4.0,0,0,0,0,0,0,0,0,1,0,0,0
RELL,0.24,1.81,11.23,0.8876999999999999,4.0,0,0,0,0,0,0,0,0,0,1,0,0
REYN,0.92,3.43,21.11,0.7889,4.0,0,1,0,0,0,0,0,0,0,0,0,0
RGCO,0.79,3.7,18.74,0.8126,4.0,0,0,0,0,0,0,0,0,0,0,0,1
RGLD,1.5,1.23,35.17,0.6483,4.0,0,0,0,0,0,0,1,0,0,0,0,0
RGP,0.56,3.96,12.24,0.8775999999999999,4.0,0,1,0,0,0,0,0,0,0,0,0,0
RICK,0.24,0.37,20.92,0.7908,4.0,0,1,0,0,0,0,0,0,0,0,0,0
RILY,4.0,18.77,18.302007434944237,0.8169799256505577,4.0,0,0,0,0,1,0,0,0,0,0,0,0
RILYG,1.25,7.74,18.302007434944237,0.8169799256505577,4.0,0,0,0,0,1,0,0,0,0,0,0,0
RILYK,1.375,7.64,18.302007434944237,0.8169799256505577,4.0,0,0,0,0,1,0,0,0,0,0,0,0
RILYL,1.8438,9.8,18.302007434944237,0.8169799256505577,4.0,0,0,0,0,1,0,0,0,0,0,0,0
RILYM,1.5938,7.62,18.302007434944237,0.8169799256505577,4.0,0,0,0,0,1,0,0,0,0,0,0,0
RILYN,1.625,9.07,18.302007434944237,0.8169799256505577,4.0,0,0,0,0,1,0,0,0,0,0,0,0
RILYO,1.6875,6.96,18.302007434944237,0.8169799256505577,4.0,0,0,0,0,1,0,0,0,0,0,0,0
RILYP,1.7188,9.91,18.302007434944237,0.8169799256505577,4.0,0,0,0,0,1,0,0,0,0,0,0,0
RILYT,1.5,9.15,18.302007434944237,0.8169799256505577,4.0,0,0,0,0,1,0,0,0,0,0,0,0
RILYZ,1.3125,9.7,18.302007434944237,0.8169799256505577,4.0,0,0,0,0,1,0,0,0,0,0,0,0
RMBI,0.56,4.86,11.07,0.8893,4.0,0,0,0,0,1,0,0,0,0,0,0,0
RMR,1.6,5.86,8.12,0.9188000000000001,4.0,0,0,0,0,1,0,0,0,0,0,0,0
ROP,2.73,0.51,19.9,0.801,4.0,0,0,0,0,0,0,1,0,0,0,0,0
ROST,1.34,0.99,27.01,0.7299,4.0,0,1,0,0,0,0,0,0,0,0,0,0
RPRX,0.8,2.92,88.6,0.1140000000000001,4.0,0,0,0,0,0,1,0,0,0,0,0,0
RRBI,0.32,0.57,11.05,0.8895,4.0,0,1,0,0,0,0,0,0,0,0,0,0
RRR,1.0,1.91,15.05,0.8495,4.0,0,1,0,0,0,0,0,0,0,0,0,0
RUSHA,0.68,1.45,10.91,0.8909,4.0,0,1,0,0,0,0,0,0,0,0,0,0
RUSHB,0.68,1.36,11.63,0.8836999999999999,4.0,0,1,0,0,0,0,0,0,0,0,0,0
RVSB,0.24,3.77,10.13,0.8987,4.0,0,0,0,0,1,0,0,0,0,0,0,0
SAFT,3.6,4.75,36.5,0.635,4.0,0,0,0,0,1,0,0,0,0,0,0,0
SAMG,0.76,4.41,14.14,0.8586,4.0,0,0,0,0,1,0,0,0,0,0,0,0
SASR,1.36,5.11,9.3,0.907,4.0,0,0,0,0,1,0,0,0,0,0,0,0
SBAC,3.4,1.35,55.74,0.4426,4.0,0,0,0,0,0,0,0,0,1,0,0,0
SBCF,0.72,2.56,23.06,0.7694,4.0,0,0,0,0,1,0,0,0,0,0,0,0
SBFG,0.54,3.6,9.05,0.9095,4.0,0,0,0,0,1,0,0,0,0,0,0,0
SBGI,1.0,7.6,10.09,0.8991,4.0,0,0,0,0,0,0,1,0,0,0,0,0
SBLK,0.88,4.17,9.78,0.9022,4.0,0,1,0,0,0,0,0,0,0,0,0,0
SBRA,1.2,8.34,28.302142857142858,0.7169785714285715,4.0,0,0,0,0,0,0,0,0,1,0,0,0
SBSI,1.4,4.36,10.4,0.896,4.0,0,0,0,0,1,0,0,0,0,0,0,0
SBUX,2.28,2.39,26.63,0.7337,4.0,0,1,0,0,0,0,0,0,0,0,0,0
SCHL,0.8,2.08,21.49,0.7851,4.0,0,1,0,0,0,0,0,0,0,0,0,0
SCVL,0.48,1.65,10.06,0.8994,4.0,0,1,0,0,0,0,0,0,0,0,0,0
SEIC,0.86,1.33,19.06,0.8094,2.0,0,0,0,0,1,0,0,0,0,0,0,0
SELF,0.29,6.33,22.9,0.771,4.0,0,0,0,0,0,0,0,0,1,0,0,0
SEVN,1.4,10.81,28.302142857142858,0.7169785714285715,4.0,0,0,0,0,0,0,0,0,1,0,0,0
SFBC,0.76,1.88,11.52,0.8848,4.0,0,0,0,0,1,0,0,0,0,0,0,0
SGA,1.0,4.82,11.56,0.8844,5.0,0,1,0,0,0,0,0,0,0,0,0,0
SGC,0.56,3.99,30.21,0.6979,4.0,0,1,0,0,0,0,0,0,0,0,0,0
SHBI,0.48,3.43,18.96,0.8104,4.0,0,0,0,0,1,0,0,0,0,0,0,0
SHEN,0.09,0.43,301.29,-2.0129,1.0,0,0,0,0,0,0,0,0,0,0,1,0
SHOO,0.84,1.94,19.42,0.8058,4.0,0,1,0,0,0,0,0,0,0,0,0,0
SHYF,0.2,1.57,15.74,0.8426,4.0,0,1,0,0,0,0,0,0,0,0,0,0
SIGI,1.4,1.42,19.09,0.8091,4.0,0,0,0,0,1,0,0,0,0,0,0,0
SIGIP,1.15,6.67,18.302007434944237,0.8169799256505577,4.0,0,0,0,0,1,0,0,0,0,0,0,0
SIMO,2.0,3.33,36.7,0.633,1.0,0,0,0,0,0,0,0,0,0,1,0,0
SIRI,0.1064,1.94,17.05,0.8295,4.0,0,1,0,0,0,0,0,0,0,0,0,0
SLM,0.44,2.33,13.96,0.8604,4.0,0,0,0,0,1,0,0,0,0,0,0,0
SLMBP,7.4536,10.82,18.302007434944237,0.8169799256505577,4.0,0,0,0,0,1,0,0,0,0,0,0,0
SLP,0.24,0.54,91.79,0.08209999999999995,4.0,0,0,0,0,0,0,0,0,0,1,0,0
SLRC,1.64,10.83,11.38,0.8862,11.0,0,0,0,0,1,0,0,0,0,0,0,0
SMBC,0.84,1.59,13.16,0.8684000000000001,4.0,0,0,0,0,1,0,0,0,0,0,0,0
SMMF,0.88,2.94,7.87,0.9213,4.0,0,0,0,0,1,0,0,0,0,0,0,0
SNCRL,2.0938,10.75,30.765510204081632,0.6923448979591837,4.0,0,0,0,0,0,0,0,0,0,1,0,0
SNY,1.9001,3.88,15.45,0.8455,1.0,0,0,0,0,0,1,0,0,0,0,0,0
SOHOB,2.0,10.08,28.302142857142858,0.7169785714285715,5.0,0,0,0,0,0,0,0,0,1,0,0,0
SOHON,2.0625,10.11,28.302142857142858,0.7169785714285715,5.0,0,0,0,0,0,0,0,0,1,0,0,0
SOHOO,1.9688,9.64,28.302142857142858,0.7169785714285715,5.0,0,0,0,0,0,0,0,0,1,0,0,0
SPFI,0.52,1.76,7.97,0.9203,4.0,0,0,0,0,1,0,0,0,0,0,0,0
SPOK,1.25,8.23,8.37,0.9163,4.0,0,0,0,0,0,0,0,0,0,0,1,0
SPTN,0.86,3.73,19.02,0.8098,4.0,0,1,0,0,0,0,0,0,0,0,0,0
SQFT,0.092,8.0,0.81,0.9919,4.0,0,0,0,0,0,0,0,0,1,0,0,0
SQFTP,2.3437,14.53,28.302142857142858,0.7169785714285715,12.0,0,0,0,0,0,0,0,0,1,0,0,0
SRCE,1.36,2.47,10.87,0.8913,4.0,0,0,0,0,1,0,0,0,0,0,0,0
SSBI,0.48,3.78,6.19,0.9381,4.0,0,0,0,0,1,0,0,0,0,0,0,0
SSBK,0.36,1.21,8.02,0.9198,4.0,0,0,0,0,1,0,0,0,0,0,0,0
SSNC,0.96,1.59,24.92,0.7508,4.0,0,0,0,0,0,0,0,0,0,1,0,0
SSSSL,1.5,6.33,18.302007434944237,0.8169799256505577,4.0,0,0,0,0,1,0,0,0,0,0,0,0
STBA,1.32,4.05,8.71,0.9129,4.0,0,0,0,0,1,0,0,0,0,0,0,0
STEP,0.84,2.74,28.07,0.7193,4.0,0,0,0,0,1,0,0,0,0,0,0,0
STLD,1.7,1.41,7.75,0.9225,4.0,0,0,0,0,0,0,1,0,0,0,0,0
STRA,2.4,2.61,45.92,0.5408,4.0,0,0,0,0,0,0,0,0,1,0,0,0
STRRP,1.0,10.58,31.290625,0.6870937500000001,4.0,0,0,0,0,0,1,0,0,0,0,0,0
SVC,0.8,9.45,28.302142857142858,0.7169785714285715,4.0,0,0,0,0,0,0,0,0,1,0,0,0
SWKS,2.72,2.42,18.46,0.8154,4.0,0,0,0,0,0,0,0,0,0,1,0,0
SYBT,1.2,2.37,13.31,0.8669,4.0,0,0,0,0,1,0,0,0,0,0,0,0
TAIT,0.2,5.57,30.765510204081632,0.6923448979591837,4.0,0,0,0,0,0,0,0,0,0,1,0,0
TBLD,1.25,7.97,18.302007434944237,0.8169799256505577,12.0,0,0,0,0,1,0,0,0,0,0,0,0
TBNK,0.2,1.85,12.15,0.8785000000000001,4.0,0,0,0,0,1,0,0,0,0,0,0,0
TCBC,0.1,0.71,18.302007434944237,0.8169799256505577,2.0,0,0,0,0,1,0,0,0,0,0,0,0
TCBIO,1.4375,7.61,18.302007434944237,0.8169799256505577,4.0,0,0,0,0,1,0,0,0,0,0,0,0
TCBK,1.2,2.79,11.42,0.8858,4.0,0,0,0,0,1,0,0,0,0,0,0,0
TCBS,0.12,0.8,18.302007434944237,0.8169799256505577,4.0,0,0,0,0,1,0,0,0,0,0,0,0
TCPC,1.76,15.3,191.67,-0.9166999999999998,5.0,0,0,0,0,1,0,0,0,0,0,0,0
TECH,0.32,0.41,51.17,0.48829999999999996,4.0,0,0,0,0,0,1,0,0,0,0,0,0
TECTP,0.9,8.91,18.302007434944237,0.8169799256505577,4.0,0,0,0,0,1,0,0,0,0,0,0,0
TER,0.44,0.41,35.21,0.6478999999999999,4.0,0,0,0,0,0,0,1,0,0,0,0,0
TFINP,1.781,8.28,18.302007434944237,0.8169799256505577,4.0,0,0,0,0,1,0,0,0,0,0,0,0
TFSL,1.13,7.62,55.56,0.4444,4.0,0,0,0,0,1,0,0,0,0,0,0,0
THFF,1.08,2.47,8.1,0.919,2.0,0,0,0,0,1,0,0,0,0,0,0,0
TILE,0.04,0.32,1265.0,-11.65,4.0,0,1,0,0,0,0,0,0,0,0,0,0
TIPT,0.2,1.1,97.21,0.027900000000000036,4.0,0,0,0,0,1,0,0,0,0,0,0,0
TMUS,2.6,1.68,24.23,0.7577,1.0,0,0,0,0,0,0,0,0,0,0,1,0
TOWN,1.0,3.33,13.17,0.8683,4.0,0,0,0,0,1,0,0,0,0,0,0,0
TPG,1.92,4.44,18.302007434944237,0.8169799256505577,4.0,0,0,0,0,1,0,0,0,0,0,0,0
TRIN,2.16,14.23,10.33,0.8967,4.0,0,0,0,0,1,0,0,0,0,0,0,0
TRINL,1.75,6.94,18.302007434944237,0.8169799256505577,4.0,0,0,0,0,1,0,0,0,0,0,0,0
TRMK,0.92,3.35,17.9,0.821,4.0,0,0,0,0,1,0,0,0,0,0,0,0
TROW,4.88,4.57,15.44,0.8456,4.0,0,0,0,0,1,0,0,0,0,0,0,0
TRS,0.16,0.62,21.31,0.7869,4.0,0,0,0,0,0,0,1,0,0,0,0,0
TSBK,0.92,2.92,9.6,0.904,4.0,0,0,0,0,1,0,0,0,0,0,0,0
TSCO,4.12,1.95,20.91,0.7908999999999999,4.0,0,1,0,0,0,0,0,0,0,0,0,0
TTEC,1.04,4.79,25.48,0.7452,2.0,0,1,0,0,0,0,0,0,0,0,0,0
TTEK,1.04,0.63,32.49,0.6751,4.0,0,1,0,0,0,0,0,0,0,0,0,0
TW,0.36,0.4,53.16,0.46840000000000004,4.0,0,0,0,0,1,0,0,0,0,0,0,0
TWIN,0.16,1.07,18.53,0.8147,1.0,0,0,0,0,0,0,1,0,0,0,0,0
TXN,5.2,3.12,21.75,0.7825,4.0,0,0,0,0,0,0,0,0,0,1,0,0
TXRH,2.2,1.84,27.62,0.7238,4.0,0,1,0,0,0,0,0,0,0,0,0,0
UBCP,0.68,4.91,8.68,0.9132,4.0,0,0,0,0,1,0,0,0,0,0,0,0
UBFO,0.48,5.59,7.39,0.9261,4.0,0,0,0,0,1,0,0,0,0,0,0,0
UCBIO,1.7188,7.44,18.302007434944237,0.8169799256505577,4.0,0,0,0,0,1,0,0,0,0,0,0,0
UFCS,0.64,3.2,18.302007434944237,0.8169799256505577,4.0,0,0,0,0,1,0,0,0,0,0,0,0
UFPI,1.2,0.96,14.73,0.8527,4.0,1,0,0,0,0,0,0,0,0,0,0,0
UG,0.2,2.48,14.27,0.8573,1.0,0,1,0,0,0,0,0,0,0,0,0,0
UNB,1.44,4.66,11.85,0.8815,4.0,0,0,0,0,1,0,0,0,0,0,0,0
UNTY,0.48,1.67,7.55,0.9245,4.0,0,0,0,0,1,0,0,0,0,0,0,0
USEG,0.09,8.22,13.215,0.86785,2.0,0,0,0,1,0,0,0,0,0,0,0,0
USLM,0.8,0.35,19.17,0.8083,4.0,0,0,0,0,0,0,1,0,0,0,0,0
UVSP,0.84,3.86,8.26,0.9174,4.0,0,0,0,0,1,0,0,0,0,0,0,0
VABK,1.32,3.38,8.99,0.9101,4.0,0,0,0,0,1,0,0,0,0,0,0,0
VALU,1.12,2.34,24.92,0.7508,4.0,0,0,0,0,1,0,0,0,0,0,0,0
VBFC,0.72,1.84,24.37,0.7563,4.0,0,0,0,0,1,0,0,0,0,0,0,0
VBTX,0.8,3.41,9.05,0.9095,4.0,0,0,0,0,1,0,0,0,0,0,0,0
VCTR,1.28,3.74,11.25,0.8875,4.0,0,0,0,0,1,0,0,0,0,0,0,0
VIASP,3.0369,14.07,24.525,0.75475,4.0,0,0,0,0,0,0,0,0,0,0,0,1
VINP,0.68,6.38,14.53,0.8547,4.0,0,0,0,0,1,0,0,0,0,0,0,0
VIRT,0.96,4.65,12.79,0.8721,4.0,0,0,0,0,1,0,0,0,0,0,0,0
VLGEA,1.0,3.94,7.43,0.9257,4.0,0,0,1,0,0,0,0,0,0,0,0,0
VLYPO,2.3074,9.7,18.302007434944237,0.8169799256505577,4.0,0,0,0,0,1,0,0,0,0,0,0,0
VNOM,2.28,7.17,13.96,0.8604,4.0,0,0,0,1,0,0,0,0,0,0,0,0
VOXR,0.044,2.16,14.73,0.8527,4.0,1,0,0,0,0,0,0,0,0,0,0,0
VRSK,1.36,0.58,69.59,0.3040999999999999,4.0,0,0,0,0,0,0,0,0,0,1,0,0
VRTS,7.6,3.23,13.07,0.8693,4.0,0,0,0,0,1,0,0,0,0,0,0,0
VSEC,0.4,0.63,26.8,0.732,4.0,0,1,0,0,0,0,0,0,0,0,0,0
VTRS,0.48,4.51,7.05,0.9295,4.0,0,0,0,0,0,1,0,0,0,0,0,0
WABC,1.76,3.14,9.38,0.9062,4.0,0,0,0,0,1,0,0,0,0,0,0,0
WAFD,1.0,3.1,8.84,0.9116,4.0,0,0,0,0,1,0,0,0,0,0,0,0
WAFDP,1.2188,7.94,18.302007434944237,0.8169799256505577,4.0,0,0,0,0,1,0,0,0,0,0,0,0
WASH,2.24,7.0,10.78,0.8922,4.0,0,0,0,0,1,0,0,0,0,0,0,0
WBA,1.92,7.37,19.90727272727273,0.8009272727272727,4.0,0,0,1,0,0,0,0,0,0,0,0,0
WDFC,3.32,1.4,49.72,0.5028,4.0,0,0,0,0,0,0,1,0,0,0,0,0
WEN,1.0,5.07,21.01,0.7899,4.0,0,1,0,0,0,0,0,0,0,0,0,0
WERN,0.56,1.31,18.51,0.8149,4.0,0,0,0,0,0,0,1,0,0,0,0,0
WILC,0.38,4.1,13.79,0.8621,2.0,0,1,0,0,0,0,0,0,0,0,0,0
WINA,3.2,0.76,37.33,0.6267,4.0,0,1,0,0,0,0,0,0,0,0,0,0
WING,0.88,0.34,111.52,-0.11519999999999997,4.0,0,1,0,0,0,0,0,0,0,0,0,0
WIRE,0.08,0.04,8.4,0.916,4.0,0,0,0,0,0,0,1,0,0,0,0,0
WMG,0.68,1.92,43.62,0.5638000000000001,4.0,0,1,0,0,0,0,0,0,0,0,0,0
WMPN,0.12,0.96,78.38,0.21620000000000006,4.0,0,0,0,0,1,0,0,0,0,0,0,0
WNEB,0.28,3.24,8.65,0.9135,4.0,0,0,0,0,1,0,0,0,0,0,0,0
WSBCP,1.6875,7.07,18.302007434944237,0.8169799256505577,4.0,0,0,0,0,1,0,0,0,0,0,0,0
WSBF,0.6,4.22,28.4,0.716,4.0,0,0,0,0,1,0,0,0,0,0,0,0
WSFS,0.6,1.3,9.87,0.9013,4.0,0,0,0,0,1,0,0,0,0,0,0,0
WTBA,1.0,4.63,12.82,0.8718,4.0,0,0,0,0,1,0,0,0,0,0,0,0
WTFC,1.6,1.72,9.4,0.906,4.0,0,0,0,0,1,0,0,0,0,0,0,0
WTFCM,1.64,7.18,18.302007434944237,0.8169799256505577,4.0,0,0,0,0,1,0,0,0,0,0,0,0
WTFCP,1.7188,6.94,18.302007434944237,0.8169799256505577,4.0,0,0,0,0,1,0,0,0,0,0,0,0
WTW,3.36,1.41,25.38,0.7462,4.0,0,0,0,0,1,0,0,0,0,0,0,0
WVVIP,0.22,4.77,19.90727272727273,0.8009272727272727,1.0,0,0,1,0,0,0,0,0,0,0,0,0
WWD,0.88,0.65,35.87,0.6413,4.0,0,0,0,1,0,0,0,0,0,0,0,0
WYNN,1.0,1.1,1135.5,-10.355,3.0,0,1,0,0,0,0,0,0,0,0,0,0
XEL,2.08,3.38,19.47,0.8053,4.0,0,0,0,0,0,0,0,0,0,0,0,1
XOMAO,2.0938,8.42,31.290625,0.6870937500000001,4.0,0,0,0,0,0,1,0,0,0,0,0,0
XOMAP,2.1562,8.46,31.290625,0.6870937500000001,4.0,0,0,0,0,0,1,0,0,0,0,0,0
XRAY,0.56,1.59,31.290625,0.6870937500000001,4.0,0,0,0,0,0,1,0,0,0,0,0,0
XRX,1.0,5.33,18.06,0.8194,4.0,0,0,0,0,0,0,0,0,0,1,0,0
YORW,0.8108,2.11,24.36,0.7564,4.0,0,0,0,0,0,0,0,0,0,0,0,1
YY,0.8,1.97,30.765510204081632,0.6923448979591837,4.0,0,0,0,0,0,0,0,0,0,1,0,0
ZEUS,0.5,0.75,19.01,0.8099,4.0,0,0,0,0,0,0,1,0,0,0,0,0
ZION,1.64,3.76,8.08,0.9192,4.0,0,0,0,0,1,0,0,0,0,0,0,0
ZIONL,2.4168,9.48,18.302007434944237,0.8169799256505577,4.0,0,0,0,0,1,0,0,0,0,0,0,0
ZIONO,2.5053,9.79,18.302007434944237,0.8169799256505577,4.0,0,0,0,0,1,0,0,0,0,0,0,0
ZIONP,1.565,7.88,18.302007434944237,0.8169799256505577,4.0,0,0,0,0,1,0,0,0,0,0,0,0
